,실제 값,예측 결과,영화명
0,Y,Y,서울의 봄
1,Y,Y,파묘
2,Y,Y,범죄도시4
3,Y,Y,노량: 죽음의 바다
4,Y,Y,시민덕희
5,Y,Y,외계+인 2부
6,Y,N,건국전쟁
7,Y,Y,댓글부대
8,Y,Y,3일의 휴가
9,Y,Y,소년들
10,Y,N,싱글 인 서울
11,Y,Y,도그데이즈
12,Y,Y,소풍
13,Y,Y,30일
14,Y,Y,데드맨
15,N,N,브레드이발소: 셀럽 인 베이커리타운
16,N,N,길위에 김대중
17,N,N,뉴 노멀
18,N,Y,용감한 시민
19,N,Y,더 와일드: 야수들의 전쟁
20,N,N,1980
21,N,N,씬
22,N,Y,1947 보스톤
23,N,N,극장판 우당탕탕 은하안전단: 진정한 용기!
24,N,N,슈가│어거스트 디 투어 ‘디-데이’ 더 무비
25,N,N,어른 김장하
26,N,N,너와 나
27,N,N,사채소년
28,N,N,마이 샤이니 월드
29,N,N,엔시티 네이션 : 투 더 월드 인 시네마
30,N,N,DMZ 동물 특공대
31,N,N,목스박
32,N,N,바람 따라 만나리 : 김호중의 계절
33,N,N,세계를 뒤흔든 43일
34,N,N,괴인
35,N,N,세기말의 사랑
36,N,N,막걸리가 알려줄거야
37,N,N,만분의 일초
38,N,N,어게인 1997
39,N,N,나의 피투성이 연인
40,N,N,수라
41,N,N,빅슬립
42,N,N,화란
43,N,N,아네모네
44,N,N,땅에 쓰는 시
45,N,N,화녀
46,N,N,약속
47,N,N,에픽하이 20 더 무비
48,N,N,교토에서 온 편지
49,N,N,돌핀
50,N,Y,오픈 더 도어
51,N,N,홈그라운드
52,N,N,여행자의 필요
53,N,N,당신이 잠든 사이
54,N,N,백남준: 달은 가장 오래된 TV
55,N,N,뒤주
56,N,N,신세계로부터
57,N,N,언더 유어 베드
58,N,N,두 사람을 위한 식탁
59,N,N,느티나무 아래
60,N,N,이어지는 땅
61,N,N,검은 소년
62,N,N,매트
63,N,N,은하수
64,N,N,정순
65,N,Y,천박사 퇴마 연구소: 설경의 비밀
66,N,N,5시부터 7시까지의 주희
67,N,N,장인과 사위
68,N,N,돌들이 말할 때까지
69,N,Y,달짝지근해: 7510
70,N,N,독친
71,N,N,아버지의 마음
72,N,N,수운잡방
73,N,N,그림자 고백
74,N,N,백지영 콘서트 인 시네마
75,N,N,울산의 별
76,N,N,탄생
77,N,N,버텨내고 존재하기
78,N,N,모르는 이야기
79,N,N,세월: 라이프 고즈 온
80,N,N,화사한 그녀
81,N,N,벗어날 탈 脫
82,N,N,너를 줍다
83,N,N,다시 김대중-함께 합시다
84,N,N,무경계
85,N,N,물비늘
86,N,N,우리의 하루
87,N,N,르네에게
88,N,N,K스쿨
89,N,N,어느 날 그녀가 우주에서
90,N,Y,밀수
91,N,N,미끼
92,N,N,간신의 피
93,N,N,믿을 수 있는 사람
94,N,N,핑크퐁 시네마 콘서트3 : 진저브레드맨을 잡아라
95,N,N,그날의 딸들
96,N,N,물꽃의 전설
97,N,N,8인의 용의자들
98,N,N,검치호
99,N,N,서바이벌 택틱스
100,N,N,물귀신
101,N,N,절해고도
102,N,N,비밀의 언덕
103,N,Y,잠
104,N,N,거미집
105,N,Y,타겟
106,N,N,우리 돈 벌레
107,N,N,드라이브
108,N,N,지옥만세
109,N,N,런닝맨: 리벤져스
110,N,N,극장판 슈퍼윙스: 맥시멈 스피드
111,N,Y,콘크리트 유토피아
112,N,N,마인드 유니버스
113,N,N,"안녕, 내일 또 만나"
114,N,N,잔고: 분노의 적자
115,N,N,폭로
116,Y,Y,범죄도시3
117,Y,Y,밀수
118,Y,Y,콘크리트 유토피아
119,Y,Y,천박사 퇴마 연구소: 설경의 비밀
120,Y,Y,30일
121,Y,Y,잠
122,Y,Y,달짝지근해: 7510
123,Y,Y,비공식작전
124,Y,Y,1947 보스톤
125,Y,Y,귀공자
126,Y,Y,드림
127,Y,N,더 문
128,Y,Y,타겟
129,Y,N,거미집
130,Y,N,화란
131,N,Y,용감한 시민
132,N,N,극장판 슈퍼윙스: 맥시멈 스피드
133,N,Y,보호자
134,N,N,문재인입니다
135,N,N,옥수역귀신
136,N,N,화사한 그녀
137,N,N,악마들
138,N,N,핑크퐁 시네마 콘서트3 : 진저브레드맨을 잡아라
139,N,N,런닝맨: 리벤져스
140,N,N,수라
141,N,N,바람 따라 만나리 : 김호중의 계절
142,N,N,리바운드
143,N,N,롱디
144,N,N,아버지의 마음
145,N,N,빈틈없는 사이
146,N,N,킬링 로맨스
147,N,N,치악산
148,N,N,비밀의 언덕
149,N,N,지옥만세
150,N,Y,오픈 더 도어
151,N,N,나는 여기에 있다
152,N,N,라방
153,N,N,좋.댓.구
154,N,N,드림팰리스
155,N,N,비닐하우스
156,N,N,그 여름
157,N,N,너와 나
158,N,N,스프린터
159,N,N,탄생
160,N,N,폭로
161,N,N,두 사람을 위한 식탁
162,N,N,차박- 살인과 낭만의 밤
163,N,N,어디로 가고 싶으신가요
164,N,N,다음 소희
165,N,Y,영웅
166,N,N,믿을 수 있는 사람
167,N,N,슈가: 로드 투 디데이
168,N,N,익스트림 페스티벌
169,N,N,퀴어 마이 프렌즈
170,N,N,거신: 바람의 아이
171,N,N,울지마 엄마
172,N,N,다섯 번째 흉추
173,N,N,물꽃의 전설
174,N,N,절해고도
175,N,N,우리의 하루
176,N,N,206: 사라지지 않는
177,N,N,작은정원
178,N,N,잔고: 분노의 적자
179,N,N,인드림
180,N,N,만해 한용운 님의침묵
181,N,N,아임 히어로 더 파이널
182,N,N,실버맨
183,N,N,웅남이
184,N,N,너의 순간
185,N,N,바람개비
186,N,N,"안녕, 내일 또 만나"
187,N,N,안나푸르나
188,N,N,아머드 사우루스: 기계공룡제국의 침략
189,N,N,물안에서
190,N,N,마인드 유니버스
191,N,N,너의 시선이 머무는 곳에
192,N,N,사랑의 고고학
193,N,N,연악: 나의 운명
194,N,N,제비
195,N,N,경미의 세계
196,N,N,신입사원: 더 무비
197,N,N,불멸의 여자
198,N,N,살롱 드 서울
199,N,N,손
200,N,N,장기자랑
201,N,N,그대 어이가리
202,N,N,튤립 모양
203,N,N,소울메이트
204,N,N,레이디
205,N,N,흐르다
206,N,N,멍뭉이
207,N,N,그 노래
208,N,N,낭만적 공장
209,N,N,육지것들
210,N,N,여섯 개의 밤
211,N,N,카운트
212,N,N,남자는 처음을 원하고 여자는 마지막을 원한다
213,N,N,오늘 출가합니다
214,N,N,2퍼센트
215,N,N,탑
216,N,N,보이지 않아
217,N,N,찬란한 나의 복수
218,Y,Y,올빼미
219,Y,Y,영웅
220,Y,Y,교섭
221,Y,Y,데시벨
222,Y,Y,대외비
223,Y,Y,유령
224,Y,N,리바운드
225,Y,Y,압꾸정
226,Y,Y,드림
227,Y,N,동감
228,Y,Y,자백
229,Y,Y,스위치
230,Y,N,카운트
231,Y,N,탄생
232,Y,N,웅남이
233,Y,N,아임 히어로 더 파이널
234,Y,N,소울메이트
235,Y,Y,젠틀맨
236,N,N,멍뭉이
237,N,N,킬링 로맨스
238,N,Y,마루이 비디오
239,N,Y,리멤버
240,N,N,옥수역귀신
241,N,N,다음 소희
242,N,Y,인생은 아름다워
243,N,N,방탄소년단: 옛 투 컴 인 시네마
244,N,N,핑크퐁 시네마 콘서트 2: 원더스타 콘서트 대작전
245,N,Y,공조2: 인터내셔날
246,N,N,고속도로 가족
247,N,N,유포자들
248,N,Y,크리스마스 캐럴
249,N,Y,한산 리덕스
250,N,N,어쩌면 우린 헤어졌는지 모른다
251,N,N,심야카페: 미씽 허니
252,N,N,헤이지니&럭키강이 비밀의 문
253,N,N,우리 사랑이 향기로 남을 때
254,N,Y,헤어질 결심
255,N,N,시간을 꿈꾸는 소녀
256,N,N,같은 속옷을 입는 두 여자
257,N,N,엄마의 땅: 그리샤와 숲의 주인
258,N,Y,정직한 후보2
259,N,N,아머드 사우루스: 기계공룡제국의 침략
260,N,N,만인의 연인
261,N,N,창밖은 겨울
262,N,N,그대 어이가리
263,N,N,이태석
264,N,N,탑
265,N,N,"그 겨울, 나는"
266,N,N,장기자랑
267,N,N,나는 여기에 있다
268,N,N,수프와 이데올로기
269,N,N,살수
270,N,N,옆집사람
271,N,N,첫번째 아이
272,N,N,살인청부업자
273,N,N,"열여덟, 어른이 되는 나이"
274,N,Y,육사오(6/45)
275,N,N,찬란한 나의 복수
276,N,N,트랜스
277,N,N,물안에서
278,N,N,머슴바울
279,N,N,흐르다
280,N,N,요정
281,N,Y,한산: 용의 출현
282,N,N,사랑의 고고학
283,N,N,니얼굴
284,N,N,10일간의 애인
285,N,N,강남좀비
286,N,N,제비
287,N,N,대무가
288,N,N,고고다이노 극장판: 얼음공룡의 비밀
289,N,N,리미트
290,N,N,여섯 개의 밤
291,N,N,겨울 이야기
292,N,N,컨버세이션
293,N,N,우수
294,N,N,낭만적 공장
295,N,N,라스트필름
296,N,N,스타게이저: 아스트로스코프
297,N,N,혜옥이
298,N,Y,헌트
299,N,N,낮에는 덥고 밤에는 춥고
300,N,N,컴백홈
301,N,N,오늘 출가합니다
302,N,N,보이지 않아
303,N,N,불멸의 여자
304,N,N,튤립 모양
305,N,N,미혹
306,N,N,나를 죽여줘
307,N,N,극장판 엄마 까투리: 도시로 간 까투리 가족
308,N,N,통영에서의 하루
309,N,N,희망의 요소
310,N,N,"아치의 노래, 정태춘"
311,N,N,낮과 달
312,N,N,귀못
313,N,N,영화감독 노동주
314,N,N,팬픽에서 연애까지
315,N,N,2퍼센트
316,N,N,1번국도
317,N,N,픽션들
318,N,N,거래완료
319,N,N,선데이리그
320,N,N,경아의 딸
321,N,N,별 볼일 없는 인생
322,N,N,2차 송환
323,N,N,관계의 일변
324,N,N,시맨틱 에러: 더 무비
325,N,N,프린세스 아야
326,N,N,민족
327,N,Y,늑대사냥
328,N,N,솔라 플라워
329,N,N,홈리스
330,N,N,사잇소리
331,N,N,생각 그런거 없는데요
332,N,N,소설가의 영화
333,N,N,카시오페아
334,N,N,썬더버드
335,N,N,주연
336,N,N,신황제를 위하여
337,Y,Y,범죄도시2
338,Y,Y,한산: 용의 출현
339,Y,Y,공조2: 인터내셔날
340,Y,Y,헌트
341,Y,Y,마녀(魔女) Part2. The Other One
342,Y,Y,비상선언
343,Y,Y,육사오(6/45)
344,Y,Y,헤어질 결심
345,Y,Y,외계+인 1부
346,Y,Y,브로커
347,Y,Y,인생은 아름다워
348,Y,Y,정직한 후보2
349,Y,Y,늑대사냥
350,Y,Y,자백
351,Y,Y,리멤버
352,Y,Y,니 부모 얼굴이 보고 싶다
353,N,N,극장판 엄마 까투리: 도시로 간 까투리 가족
354,N,N,서울괴담
355,N,N,리미트
356,N,N,대무가
357,N,N,더 킬러: 죽어도 되는 아이
358,N,N,시맨틱 에러: 더 무비
359,N,N,고고다이노 극장판: 얼음공룡의 비밀
360,N,N,컴백홈
361,N,N,귀못
362,N,N,뒤틀린 집
363,N,N,"아치의 노래, 정태춘"
364,N,N,쥬라기캅스 극장판: 공룡시대 대모험
365,N,N,안녕하세요
366,N,N,공기살인
367,N,N,어부바
368,N,N,카시오페아
369,N,N,앵커
370,N,N,프린세스 아야
371,N,Y,뜨거운 피
372,N,N,룸 쉐어링
373,N,N,니얼굴
374,N,N,봄날
375,N,N,피는 물보다 진하다
376,N,N,오마주
377,N,N,세븐틴 파워 오브 러브 : 더 무비
378,N,N,미혹
379,N,N,오! 마이 고스트
380,N,N,모어
381,N,N,녹턴
382,N,N,엑스칼리버 더 뮤지컬 다큐멘터리: 도겸의 찬란한 여정
383,N,N,경아의 딸
384,N,N,둠둠
385,N,N,홈리스
386,N,N,광대: 소리꾼
387,N,N,썬더버드
388,N,N,이공삼칠
389,N,N,어웨이크
390,N,N,거래완료
391,N,N,말임씨를 부탁해
392,N,N,아이를 위한 아이
393,N,N,소설가의 영화
394,N,N,나를 죽여줘
395,N,N,파로호
396,N,N,낮과 달
397,N,N,수프와 이데올로기
398,N,Y,이상한 나라의 수학자
399,N,N,윤시내가 사라졌다
400,N,N,말아
401,N,N,초록밤
402,N,N,감동주의보
403,N,N,스타게이저: 아스트로스코프
404,N,N,낮에는 덥고 밤에는 춥고
405,N,N,불도저에 탄 소녀
406,N,N,재춘언니
407,N,N,봉명주공
408,N,N,히든
409,N,N,핸썸
410,N,N,선데이리그
411,N,N,주연
412,N,N,태일이
413,N,N,부기나이트
414,N,N,2차 송환
415,N,N,모퉁이
416,N,N,데드캠핑 더라이브
417,N,N,그대라는기억 연숙씨
418,N,N,투란도트 어둠의 왕국
419,N,N,작은새와 돼지씨
420,N,N,아부쟁이
421,N,N,보통의 용기
422,N,N,"허황옥 3일, 잃어버린 2천 년의 기억"
423,N,N,인플루엔자
424,N,N,태어나길 잘했어
425,N,N,사잇소리
426,N,N,부적: 남의 운을 빼앗는 자
427,N,N,영희
428,N,N,평평남녀
429,N,N,"괴물, 유령, 자유인"
430,N,N,액션동자
431,N,N,인연을 긋다
432,N,N,늑대들
433,N,N,당신의 이웃은 친절하지 않다
434,N,N,갓길로 달리는 코뿔소
435,N,N,보드랍게
436,N,N,명색이 아프레걸
437,N,N,스파이형 모델
438,N,N,헝거
439,N,Y,해적: 도깨비 깃발
440,N,N,하로동선
441,N,N,고양이들의 아파트
442,N,N,스텔라
443,N,N,극장판 안녕 자두야: 제주도의 비밀
444,N,N,당신얼굴 앞에서
445,N,N,엄마와 나
446,N,N,곡녀
447,N,N,일진 2
448,N,N,일진 3
449,N,N,대가리
450,N,N,대가리2-학교무림
451,N,N,대가리3-일진후배들
452,N,N,3.5교시
453,Y,Y,해적: 도깨비 깃발
454,Y,Y,유체이탈자
455,Y,Y,킹메이커
456,Y,Y,경관의 피
457,Y,Y,연애 빠진 로맨스
458,Y,Y,이상한 나라의 수학자
459,Y,Y,장르만 로맨스
460,Y,Y,특송
461,Y,Y,뜨거운 피
462,Y,Y,강릉
463,Y,N,해피 뉴 이어
464,N,Y,니 부모 얼굴이 보고 싶다
465,N,N,앵커
466,N,N,공기살인
467,N,N,극장판 안녕 자두야: 제주도의 비밀
468,N,N,스텔라
469,N,N,인민을 위해 복무하라
470,N,N,태일이
471,N,N,서울괴담
472,N,N,세븐틴 파워 오브 러브 : 더 무비
473,N,N,몬스타엑스 : 더 드리밍
474,N,Y,기적
475,N,N,봄날
476,N,N,너에게 가는 길
477,N,N,말임씨를 부탁해
478,N,N,동백
479,N,N,팬텀: 더 뮤지컬 라이브
480,N,N,1984 최동원
481,N,N,불도저에 탄 소녀
482,N,N,광대: 소리꾼
483,N,N,고양이들의 아파트
484,N,N,행복의 속도
485,N,N,소설가의 영화
486,N,N,전투왕
487,N,N,한창나이 선녀님
488,N,N,송해 1927
489,N,N,무녀도
490,N,N,노회찬6411
491,N,N,매미소리
492,N,N,간호중
493,N,N,학교 가는 길
494,N,N,B컷
495,N,N,여타짜
496,N,N,싸나희 순정
497,N,N,블루버스데이
498,N,Y,인질
499,N,N,태어나길 잘했어
500,N,N,나는 조선사람입니다
501,N,Y,싱크홀
502,N,N,소피의 세계
503,N,N,재춘언니
504,N,N,소설가 구보의 하루
505,N,N,아워 미드나잇
506,N,N,왕십리 김종분
507,N,N,십개월의 미래
508,N,N,리프레쉬
509,N,N,존경하고 사랑하는 국민여러분
510,N,N,악인은 너무 많다 2 - 제주 실종사건의 전말
511,N,Y,모가디슈
512,N,N,휴가
513,N,N,로또쉐어
514,N,N,로그북
515,N,N,당신얼굴 앞에서
516,N,N,효자
517,N,N,축복의 집
518,N,N,보드랍게
519,N,N,하로동선
520,N,N,가치 캅시다
521,N,N,울림의 탄생
522,N,N,늦봄2020
523,N,N,부기나이트
524,N,N,늑대들
525,N,N,타이거마스크
526,N,N,평평남녀
527,N,N,온 세상이 하얗다
528,N,N,바람아 안개를 걷어가다오
529,N,N,수색자
530,N,N,사상
531,N,N,핫 블러드
532,N,N,귀토-토끼의 팔란
533,N,N,총을 들지 않는 사람들: 금기에 도전
534,N,N,걸 위드 더 카메라
535,N,N,헝거
536,N,N,대한민국 대통령
537,N,N,죽이러 간다
538,N,N,긴 하루
539,N,N,미인
540,N,N,엄마와 나
541,N,N,창극 변강쇠 점 찍고 옹녀
542,N,N,타다: 대한민국 스타트업의 초상
543,N,N,이상존재
544,N,N,최선의 삶
545,N,N,트로트는 인생이다
546,N,N,꽃손
547,N,N,테이블 매너
548,N,N,기우제
549,N,N,화이트데이: 부서진 결계
550,N,N,곡녀
551,N,N,짬뽕비권
552,N,N,아이돌레시피
553,N,N,갈매기
554,N,N,보조바퀴
555,N,N,메모리: 조작살인
556,N,N,3.5교시
557,N,N,색다른 그녀
558,N,N,피치 오브 타임 극장판
559,N,N,디스 아메리카노
560,N,N,영화의 거리
561,N,N,그대 너머에
562,N,N,인트로덕션
563,N,N,슈퍼문
564,Y,Y,모가디슈
565,Y,Y,싱크홀
566,Y,Y,인질
567,Y,Y,발신제한
568,Y,Y,기적
569,Y,Y,비와 당신의 이야기
570,N,Y,방법: 재차의
571,N,Y,내일의 기억
572,N,N,미드나이트
573,N,N,여고괴담 여섯번째 이야기 : 모교
574,N,N,귀문
575,N,N,괴기맨숀
576,N,N,학교 가는 길
577,N,N,노회찬6411
578,N,N,수색자
579,N,N,아들의 이름으로
580,N,N,F20
581,N,N,아이들은 즐겁다
582,N,N,서복
583,N,N,빛나는 순간
584,N,N,이번엔 잘 되겠지
585,N,N,혼자 사는 사람들
586,N,N,십개월의 미래
587,N,N,낫아웃
588,N,N,좋은 사람
589,N,Y,자산어보
590,N,N,화이트데이: 부서진 결계
591,N,N,타다: 대한민국 스타트업의 초상
592,N,N,최선의 삶
593,N,N,부활: 그 증거
594,N,N,동백
595,N,N,클라이밍
596,N,N,인트로덕션
597,N,N,액션히어로
598,N,N,메이드 인 루프탑
599,N,N,갈매기
600,N,N,어른들은 몰라요
601,N,N,슈퍼문
602,N,N,한창나이 선녀님
603,N,N,휴가
604,N,N,범털 2: 쩐의 전쟁
605,N,N,당신얼굴 앞에서
606,N,N,박강아름 결혼하다
607,N,N,귀신
608,N,N,브라더
609,N,N,썰
610,N,N,우리는 매일매일
611,N,N,색다른 그녀
612,N,N,피어썸
613,N,N,영화의 거리
614,N,N,나만 보이니
615,N,N,생각의 여름
616,N,N,쇼미더고스트
617,N,N,습도 다소 높음
618,N,N,아이윌 송
619,N,N,파이터
620,N,N,더 박스
621,N,N,전야
622,N,N,언더그라운드
623,N,N,죽어도 좋은 경험: 천사여 악녀가 되라
624,N,N,베르나르다 알바
625,N,N,까치발
626,N,N,가치 캅시다
627,N,Y,미션 파서블
628,N,N,열아홉
629,N,N,그대 너머에
630,N,N,좀비크러쉬: 헤이리
631,N,N,"식물카페, 온정"
632,N,N,사상
633,N,N,비밀의 정원
634,N,N,스쿨 오브 락(樂)
635,N,N,캐논볼
636,N,N,바람아 안개를 걷어가다오
637,N,N,울림의 탄생
638,N,N,전주에서 길을 묻다
639,N,N,
640,N,N,저승보다 낯선
641,N,N,네가 내가 되었으면 좋겠다
642,N,N,아무도 없는 곳
643,N,N,정말 먼 곳
644,N,N,"무순, 세상을 가로질러"
645,N,N,숲의 비명 : 사라진 사람들
646,N,N,피치 오브 타임 극장판
647,N,N,턴: 더 스트릿
648,N,N,수필러브
649,N,N,스프링 송
650,N,N,더스트맨
651,N,N,인천스텔라
652,N,N,디스 아메리카노
653,N,N,그리고 방행자
654,N,N,찬실이는 복도 많지
655,N,N,세자매
656,N,N,최면
657,Y,Y,시 읽는 시간
658,Y,Y,도굴
659,Y,Y,삼진그룹 영어토익반
660,Y,Y,미션 파서블
661,Y,N,이웃사촌
662,Y,Y,서복
663,Y,Y,자산어보
664,N,N,내가 죽던 날
665,N,Y,조제
666,N,N,내일의 기억
667,N,N,새해전야
668,N,Y,더 박스
669,N,N,비와 당신의 이야기
670,N,Y,세자매
671,N,N,담보
672,N,N,최면
673,N,Y,아이
674,N,N,고백
675,N,N,어른들은 몰라요
676,N,N,부활: 그 증거
677,N,Y,애비규환
678,N,N,소리도 없이
679,N,N,추억의 검정고무신
680,N,N,아무도 없는 곳
681,N,N,나는 나를 해고하지 않는다
682,N,N,몬테크리스토: 더 뮤지컬 라이브
683,N,N,더블패티
684,N,N,토이 솔져스: 가짜사나이2 더 컴플리트
685,N,N,잔칫날
686,N,N,정말 먼 곳
687,N,N,빛과 철
688,N,N,잃어버린 얼굴 1895
689,N,N,스트레스 제로
690,N,N,비밀의 정원
691,N,N,파이터
692,N,N,럭키 몬스터
693,N,N,미스터 보스
694,N,N,증발
695,N,N,검객
696,N,N,구원
697,N,N,인천스텔라
698,N,N,큰엄마의 미친봉고
699,N,N,"구라, 베토벤"
700,N,N,스웨그
701,N,N,아수라도
702,N,N,관계의 가나다에 있는 우리는
703,N,N,더스트맨
704,N,N,이 안에 외계인이 있다
705,N,N,밥정
706,N,N,턴: 더 스트릿
707,N,N,간이역
708,N,N,용루각: 비정도시
709,N,Y,트웬티 해커
710,N,N,국제수사
711,N,N,젊은이의 양지
712,N,N,기기괴괴 성형수
713,N,N,담쟁이
714,N,N,찬실이는 복도 많지
715,N,N,겨울밤에
716,N,N,돌멩이
717,N,N,남매의 여름밤
718,N,N,크루아상
719,N,N,마지막 휴가
720,N,N,앙상블
721,N,N,웰컴 투 X-월드
722,N,N,멀리가지마라
723,N,N,요요현상
724,N,N,구직자들
725,N,N,천사는 바이러스
726,N,N,디어 마이 지니어스
727,N,N,에듀케이션
728,N,Y,밤빛
729,N,N,오! 문희
730,N,N,69세
731,N,N,스프링 송
732,N,N,디바
733,N,N,종이꽃
734,N,N,황무지 5월의 고해
735,N,N,귀여운 남자
736,N,N,"무순, 세상을 가로질러"
737,N,Y,베르나르다 알바
738,N,N,다만 악에서 구하소서
739,N,N,게임의 법칙: 인간사냥
740,N,N,사라센의 칼
741,N,N,불어라 검풍아
742,N,N,UFO 스케치
743,N,N,카일라스 가는 길
744,N,N,시 읽는 시간
745,N,N,그리고 방행자
746,N,N,도망친 여자
747,N,N,머리카락
748,N,N,라이브 하드
749,N,N,개 같은 것들
750,N,N,노가리
751,N,N,다시 만난 날들
752,N,N,세트플레이
753,N,N,이장
754,N,N,인싸
755,N,N,벌새
756,N,N,나를 구하지 마세요
757,N,N,여름날
758,N,N,후쿠오카
759,N,N,바람의 언덕
760,N,N,야구소녀
761,Y,Y,나의이름
762,Y,Y,다만 악에서 구하소서
763,Y,Y,반도
764,Y,Y,강철비2: 정상회담
765,Y,Y,담보
766,Y,Y,오케이 마담
767,Y,Y,결백
768,Y,Y,삼진그룹 영어토익반
769,Y,Y,국제수사
770,Y,Y,침입자
771,Y,Y,소리도 없이
772,N,N,오! 문희
773,N,Y,검객
774,N,N,사라진 시간
775,N,N,브레이크 더 사일런스: 더 무비
776,N,N,디바
777,N,N,죽지않는 인간들의 밤
778,N,N,기기괴괴 성형수
779,N,N,저 산 너머
780,N,N,소리꾼
781,N,N,호텔 레이크
782,N,N,야구소녀
783,N,N,아홉 스님
784,N,N,남매의 여름밤
785,N,N,돌멩이
786,N,N,초미의 관심사
787,N,N,부활
788,N,N,밥정
789,N,N,기생충
790,N,N,부활: 그 증거
791,N,N,나는보리
792,N,N,도망친 여자
793,N,N,카일라스 가는 길
794,N,N,69세
795,N,N,종이꽃
796,N,N,후쿠오카
797,N,N,불량한 가족
798,N,Y,슈팅걸스
799,N,N,부산행:익스텐디드
800,N,N,매지컬: 공주를 웃겨라
801,N,N,다시 만난 날들
802,N,N,카오산 탱고
803,N,N,어서오시게스트하우스
804,N,N,찬실이는 복도 많지
805,N,N,런 보이 런
806,N,N,"안녕, 미누"
807,N,N,젊은이의 양지
808,N,N,광주비디오: 사라진 4시간
809,N,N,담쟁이
810,N,N,열혈형사
811,N,N,유령선
812,N,N,고양이 집사
813,N,N,지푸라기라도 잡고 싶은 짐승들
814,N,N,나를 구하지 마세요
815,N,N,제인의 썸머
816,N,N,태백권
817,N,N,리메인
818,N,N,범털
819,N,N,프리즈너
820,N,N,얼굴없는 보스: 못다한 이야기 감독판
821,N,N,팡파레
822,N,N,욕창
823,N,N,바다로 가자
824,N,N,바람의 언덕
825,N,N,구르는 수레바퀴
826,N,N,어게인
827,N,N,이장
828,N,N,웰컴 투 X-월드
829,N,N,파도를 걷는 소년
830,N,N,디어 마이 지니어스
831,N,N,나의이름
832,N,N,이별식당
833,N,N,황무지 5월의 고해
834,N,N,여름날
835,N,N,벌새
836,N,N,클로젯
837,N,N,메피스토
838,N,N,늙은 부부이야기: 스테이지 무비
839,N,N,테우리
840,N,N,서치 아웃
841,N,N,루비
842,N,N,국도극장
843,N,N,스윈들러
844,N,N,"시, 나리오"
845,N,N,7월7일
846,N,N,이별의 목적
847,N,N,기억의 전쟁
848,N,N,좋은 여자
849,N,N,윤희에게
850,,,산티아고의 흰 지팡이
